timestamp,cycle,cash,open_value,equity,realized_pnl,open_positions,candidates,opened
2026-09-28T12:10:10.153883+00:00,1,100.0,0,100.0,0,0,454,0
2026-09-28T19:39:21.865776+00:00,2,100.0,0,100.0,0,0,450,0
2026-09-28T23:58:39.971774+00:00,3,100.0,0,100.0,0,0,446,0
2026-09-29T02:52:56.132658+00:00,4,100.0,0,100.0,0,0,446,0
2026-09-29T09:07:41.544481+00:00,5,100.0,0,100.0,0,0,452,0
2026-09-29T15:45:48.835668+00:00,6,100.0,0,100.0,0,0,448,0
2026-09-29T20:18:30.469441+00:00,7,100.0,0,100.0,0,0,438,0
2026-09-29T23:46:21.877130+00:00,8,100.0,0,100.0,0,0,442,0
2026-09-30T02:28:43.239188+00:00,9,100.0,0,100.0,0,0,442,0
2026-09-30T08:48:13.254760+00:00,10,100.0,0,100.0,0,0,434,0
2026-09-30T15:23:49.849803+00:00,11,100.0,0,100.0,0,0,434,0
